{
  "phonemes": "AY L AY K AY S K R IY M B EH T ER DH AH N CH AO K L AH T S",
  "avg_phone_prob_score": 0.1946817194988735,
  "avg_phone_log_prob_score": -1.0812859750000001,
  "phone_scores": [
    [
      "1",
      "SIL",
      "-0.1306672",
      "0.7401722520259816"
    ],
    [
      "8",
      "AY",
      "-0.8152795",
      "0.15301024128545018"
    ],
    [
      "23",
      "L",
      "-0.6928658",
      "0.20283093843290184"
    ],
    [
      "8",
      "AY",
      "-0.8805027",
      "0.13167317266016912"
    ],
    [
      "22",
      "K",
      "-0.8596907",
      "0.13813677100359315"
    ],
    [
      "8",
      "AY",
      "-0.881444",
      "0.13138809021021786"
    ],
    [
      "31",
      "S",
      "-0.8356781",
      "0.14598959373501813"
    ],
    [
      "22",
      "K",
      "-0.7469516",
      "0.17908054194369738"
    ],
    [
      "30",
      "R",
      "-0.7246013",
      "0.18853791499857953"
    ],
    [
      "20",
      "IY",
      "-0.6660242",
      "0.21576241774618202"
    ],
    [
      "24",
      "M",
      "-0.7844419",
      "0.16426994056204924"
    ],
    [
      "9",
      "B",
      "-1.523876",
      "0.029931191116368466"
    ],
    [
      "13",
      "EH",
      "-0.7138729",
      "0.19325338068365083"
    ],
    [
      "33",
      "T",
      "-1.234648",
      "0.058257520947354084"
    ],
    [
      "14",
      "ER",
      "-0.6152425",
      "0.2425255510315896"
    ],
    [
      "12",
      "DH",
      "-1.770814",
      "0.01695063608255914"
    ],
    [
      "5",
      "AH",
      "0",
      "1.0"
    ],
    [
      "25",
      "N",
      "-0.7369061",
      "0.18327106349249966"
    ],
    [
      "10",
      "CH",
      "-2.253077",
      "0.005583711872778674"
    ],
    [
      "6",
      "AO",
      "-1.765193",
      "0.01717145120130696"
    ],
    [
      "22",
      "K",
      "-3.289814",
      "0.0005130810797315681"
    ],
    [
      "23",
      "L",
      "0",
      "1.0"
    ],
    [
      "5",
      "AH",
      "-0.6231651",
      "0.23814139865390027"
    ],
    [
      "33",
      "T",
      "-1.916118",
      "0.012130592113819734"
    ],
    [
      "31",
      "S",
      "-1.620657",
      "0.02395206711954804"
    ],
    [
      "1",
      "SIL",
      "-6.087797",
      "8.169641514086527e-07"
    ]
  ],
  "phone_durations": [
    [
      "AY",
      0.35,
      0.43
    ],
    [
      "L",
      0.43,
      0.47
    ],
    [
      "AY",
      0.47,
      0.52
    ],
    [
      "K",
      0.52,
      0.59
    ],
    [
      "AY",
      0.59,
      0.69
    ],
    [
      "S",
      0.69,
      0.77
    ],
    [
      "K",
      0.77,
      0.81
    ],
    [
      "R",
      0.81,
      0.84
    ],
    [
      "IY",
      0.84,
      0.9
    ],
    [
      "M",
      0.9,
      0.95
    ],
    [
      "B",
      0.95,
      0.98
    ],
    [
      "EH",
      0.98,
      1.03
    ],
    [
      "T",
      1.03,
      1.07
    ],
    [
      "ER",
      1.07,
      1.13
    ],
    [
      "DH",
      1.13,
      1.16
    ],
    [
      "AH",
      1.16,
      1.19
    ],
    [
      "N",
      1.19,
      1.21
    ],
    [
      "CH",
      1.21,
      1.25
    ],
    [
      "AO",
      1.25,
      1.29
    ],
    [
      "K",
      1.29,
      1.32
    ],
    [
      "L",
      1.32,
      1.36
    ],
    [
      "AH",
      1.36,
      1.4
    ],
    [
      "T",
      1.4,
      1.42
    ],
    [
      "S",
      1.42,
      1.46
    ]
  ]
}